City,Price,Day,Room Type,Shared Room,Private Room,Person Capacity,Superhost,Multiple Rooms,Business,Cleanliness Rating,Guest Satisfaction,Bedrooms,City Center _km_,Metro Distance _km_,Attraction Index,Normalised Attraction Index,Restraunt Index,Normalised Restraunt Index
Amsterdam,233.6372,Weekday,Private room,FALSE,TRUE,2,FALSE,0,0,6,20,1,8.145,0.6884,57.8932,3.0655,74.2262,5.1722
Amsterdam,233.6372,Weekend,Private room,FALSE,TRUE,2,FALSE,0,0,6,20,1,8.145,0.6884,57.8932,3.0652,74.2263,6.4707
Athens,69.599,Weekday,Entire home/apt,FALSE,FALSE,2,FALSE,0,0,2,20,1,4.157,0.6596,41.0263,1.5469,60.8081,4.5658
Athens,69.599,Weekend,Entire home/apt,FALSE,FALSE,2,FALSE,0,0,2,20,1,4.157,0.6596,41.0263,1.5458,60.8081,0.9081
Athens,63.7405,Weekend,Entire home/apt,FALSE,FALSE,2,FALSE,0,0,2,20,1,4.5603,0.8417,37.2715,1.4043,56.1602,0.8387
Barcelona,451.5093,Weekday,Private room,FALSE,TRUE,2,FALSE,0,0,2,20,1,1.5998,0.4904,360.4633,12.2852,1004.1161,22.1037
Barcelona,159.6574,Weekday,Private room,FALSE,TRUE,2,FALSE,0,0,2,20,0,3.2365,1.3928,223.3704,7.6128,482.5115,10.6216
Barcelona,601.159,Weekend,Private room,FALSE,TRUE,2,FALSE,0,1,2,20,1,1.4891,0.1803,358.9092,13.8579,876.038,19.2436
Barcelona,451.5093,Weekend,Private room,FALSE,TRUE,2,FALSE,0,0,2,20,1,1.5998,0.4904,360.4658,13.918,1004.133,22.0574
Barcelona,159.6574,Weekend,Private room,FALSE,TRUE,2,FALSE,0,0,2,20,0,3.2365,1.3928,223.3696,8.6246,482.5084,10.5991
Berlin,487.0524,Weekday,Entire home/apt,FALSE,FALSE,2,FALSE,1,0,10,20,1,1.1254,0.357,337.1876,51.4109,410.8064,84.7055
Budapest,208.911,Weekday,Private room,FALSE,TRUE,2,FALSE,0,0,2,20,1,5.1749,2.1212,65.3402,3.8965,98.3595,7.4481
Budapest,104.573,Weekday,Private room,FALSE,TRUE,2,FALSE,0,0,2,20,1,2.0722,0.5461,132.6803,7.9123,259.7322,19.6677
Budapest,347.7934,Weekday,Entire home/apt,FALSE,FALSE,2,FALSE,0,0,2,20,0,2.8352,0.2493,121.4011,7.2397,178.5675,13.5217
Budapest,104.573,Weekend,Private room,FALSE,TRUE,2,FALSE,0,0,2,20,1,2.0722,0.5461,132.6805,7.9189,259.733,22.7053
Budapest,208.676,Weekend,Private room,FALSE,TRUE,2,FALSE,0,0,2,20,1,5.1749,2.1212,65.34,3.8998,98.3593,8.5984
Budapest,347.7934,Weekend,Entire home/apt,FALSE,FALSE,2,FALSE,0,0,2,20,0,2.8352,0.2493,121.401,7.2457,178.5673,15.61
Lisbon,199.3433,Weekday,Private room,FALSE,TRUE,2,FALSE,0,1,6,20,1,2.0318,0.0837,126.7358,4.1841,387.8005,17.3439
Lisbon,211.773,Weekend,Private room,FALSE,TRUE,2,FALSE,0,1,6,20,1,2.0318,0.0837,126.7354,4.1801,387.7968,21.7952
Paris,414.9967,Weekday,Entire home/apt,FALSE,FALSE,2,FALSE,0,1,6,20,2,0.8296,0.0638,540.7992,26.3259,1318.1722,77.4552
Paris,425.7154,Weekday,Private room,FALSE,TRUE,2,FALSE,0,1,6,20,1,1.1048,0.0642,679.009,33.0539,1347.0674,79.1531
Paris,312.7039,Weekday,Entire home/apt,FALSE,FALSE,2,FALSE,0,0,2,20,0,5.1925,0.0622,358.7139,17.4621,664.6918,39.057
Paris,206.4498,Weekday,Private room,FALSE,TRUE,2,FALSE,1,0,2,20,1,3.234,0.2754,316.9592,15.4295,718.6122,42.2253
Paris,244.897,Weekday,Entire home/apt,FALSE,FALSE,2,FALSE,0,0,2,20,1,4.9479,0.3774,365.3867,17.7869,579.346,34.0421
Paris,290.8006,Weekday,Entire home/apt,FALSE,FALSE,2,FALSE,0,1,10,20,0,3.6777,0.1339,300.9255,14.649,643.3526,37.8031
Paris,414.7637,Weekend,Entire home/apt,FALSE,FALSE,2,FALSE,0,1,6,20,2,0.8297,0.0637,540.7967,26.2963,1318.1594,60.8098
Paris,388.6662,Weekend,Private room,FALSE,TRUE,2,FALSE,0,1,6,20,1,1.1048,0.0642,679.0076,33.0168,1347.0669,62.1433
Paris,206.4498,Weekend,Private room,FALSE,TRUE,2,FALSE,1,0,2,20,1,3.234,0.2754,316.9595,15.4122,718.613,33.1513
Paris,269.5964,Weekend,Entire home/apt,FALSE,FALSE,2,FALSE,0,0,2,20,1,4.9479,0.3774,365.3864,17.7669,579.3469,26.7266
Paris,312.9369,Weekend,Entire home/apt,FALSE,FALSE,2,FALSE,0,0,2,20,0,5.1925,0.0622,358.7152,17.4426,664.6957,30.664
Paris,290.8006,Weekend,Entire home/apt,FALSE,FALSE,2,FALSE,0,1,10,20,0,3.6777,0.1339,300.9273,14.6326,643.3564,29.6795
Rome,299.7218,Weekday,Entire home/apt,FALSE,FALSE,2,FALSE,0,1,2,20,0,2.2606,0.5466,657.1611,14.5628,1619.307,35.2569
Rome,143.0809,Weekday,Private room,FALSE,TRUE,2,FALSE,1,0,2,20,1,0.4101,0.3862,404.104,8.955,1080.5278,23.5261
Rome,96.79,Weekday,Private room,FALSE,TRUE,2,FALSE,0,1,6,20,1,0.8347,0.6296,460.2935,10.2002,1288.3207,28.0504
Rome,92.1142,Weekday,Private room,FALSE,TRUE,2,FALSE,1,0,2,20,1,1.6807,0.4418,263.5279,5.8398,717.9291,15.6313
Rome,46.0571,Weekday,Private room,FALSE,TRUE,2,FALSE,0,0,2,20,3,4.8835,0.6123,133.6857,2.9625,392.012,8.5352
Rome,299.7218,Weekend,Entire home/apt,FALSE,FALSE,2,FALSE,0,1,2,20,0,2.2606,0.5466,657.1595,14.5597,1619.3072,35.2808
Rome,97.0238,Weekend,Private room,FALSE,TRUE,2,FALSE,0,1,6,20,1,0.8347,0.6296,460.2861,10.1978,1288.3289,28.0696
Rome,92.348,Weekend,Private room,FALSE,TRUE,2,FALSE,1,0,2,20,1,1.6806,0.4419,263.5292,5.8386,717.9324,15.642
Athens,81.0817,Weekday,Entire home/apt,FALSE,FALSE,2,FALSE,0,0,2,40,2,0.646,0.6144,373.8342,14.0951,421.7772,31.6696
Athens,92.7987,Weekday,Entire home/apt,FALSE,FALSE,2,FALSE,1,0,4,40,1,2.1708,0.4194,83.2813,3.1401,124.2277,9.3278
Athens,81.0817,Weekend,Entire home/apt,FALSE,FALSE,2,FALSE,0,0,2,40,2,0.646,0.6145,373.8359,14.0853,421.7574,6.2985
Athens,92.7987,Weekend,Entire home/apt,FALSE,FALSE,2,FALSE,1,0,4,40,1,2.1708,0.4194,83.2817,3.1379,124.2284,1.8552
Barcelona,231.3403,Weekday,Private room,FALSE,TRUE,2,FALSE,0,0,4,40,1,5.6945,0.7478,142.2853,4.8493,256.1584,5.6388
Barcelona,231.3403,Weekend,Private room,FALSE,TRUE,2,FALSE,0,0,4,40,1,5.6945,0.7478,142.2855,5.4938,256.1592,5.627
Berlin,150.7432,Weekday,Private room,FALSE,TRUE,2,FALSE,0,0,4,40,1,3.6822,0.3243,75.2609,11.475,110.1677,22.7158
Berlin,162.4287,Weekday,Private room,FALSE,TRUE,2,FALSE,0,0,10,40,1,5.4503,0.1702,73.4345,11.1965,98.3541,20.2799
Berlin,150.7432,Weekend,Private room,FALSE,TRUE,2,FALSE,0,0,4,40,1,3.6822,0.3243,75.2609,11.4713,110.1677,23.3081
Berlin,162.195,Weekend,Private room,FALSE,TRUE,2,FALSE,0,0,10,40,1,5.4503,0.1702,73.4343,11.1929,98.3541,20.8087
Lisbon,179.878,Weekday,Private room,FALSE,TRUE,2,FALSE,0,1,6,40,1,4.8866,0.455,67.9825,2.2444,159.8693,7.15
Lisbon,156.8949,Weekday,Private room,FALSE,TRUE,2,FALSE,0,1,6,40,1,3.4513,0.349,86.7533,2.8641,222.1962,9.9374
Lisbon,164.8687,Weekday,Private room,FALSE,TRUE,2,FALSE,0,1,6,40,1,0.8355,0.5645,232.1658,7.6648,746.5907,33.3903
Lisbon,118.1989,Weekday,Private room,FALSE,TRUE,2,FALSE,0,1,3,40,1,1.9626,0.5231,124.6283,4.1145,364.8784,16.3187
Lisbon,156.1914,Weekend,Private room,FALSE,TRUE,2,FALSE,0,1,6,40,1,3.4513,0.349,86.7531,2.8614,222.1952,12.488
Lisbon,158.5366,Weekend,Private room,FALSE,TRUE,2,FALSE,0,1,6,40,1,0.8355,0.5645,232.1639,7.6575,746.5902,41.9603
Lisbon,117.9644,Weekend,Private room,FALSE,TRUE,2,FALSE,0,1,3,40,1,1.9625,0.5231,124.6291,4.1107,364.8802,20.5072
Paris,261.441,Weekday,Private room,FALSE,TRUE,2,TRUE,1,0,4,40,1,4.3581,0.244,292.5843,14.2429,595.3231,34.9809
Paris,209.013,Weekday,Entire home/apt,FALSE,FALSE,2,FALSE,0,0,2,40,0,3.9841,0.1878,380.2395,18.5099,704.6279,41.4036
Paris,312.9369,Weekday,Entire home/apt,FALSE,FALSE,2,FALSE,0,1,2,40,0,1.7427,0.134,300.8096,14.6433,819.8507,48.174
Paris,424.3173,Weekday,Entire home/apt,FALSE,FALSE,2,FALSE,0,1,10,40,0,1.5275,0.0714,321.8752,15.6688,832.3263,48.9071
Paris,391.4624,Weekday,Private room,FALSE,TRUE,2,FALSE,1,0,6,40,1,2.649,0.3287,273.0831,13.2936,632.7733,37.1815
Paris,261.441,Weekend,Private room,FALSE,TRUE,2,TRUE,1,0,4,40,1,4.3581,0.244,292.5848,14.227,595.3235,27.4637
Paris,209.013,Weekend,Entire home/apt,FALSE,FALSE,2,FALSE,0,0,2,40,0,3.9841,0.1878,380.2409,18.4892,704.6266,32.5061
Paris,312.9369,Weekend,Entire home/apt,FALSE,FALSE,2,FALSE,0,1,2,40,0,1.7427,0.134,300.8106,14.6269,819.8519,37.8217
Paris,468.1238,Weekend,Entire home/apt,FALSE,FALSE,2,FALSE,0,1,10,40,0,1.5275,0.0714,321.8759,15.6512,832.3282,38.3972
Paris,331.578,Weekend,Private room,FALSE,TRUE,2,FALSE,1,0,6,40,1,2.649,0.3287,273.0852,13.2788,632.7758,29.1914
Rome,143.0809,Weekday,Private room,FALSE,TRUE,2,FALSE,0,0,5,40,1,1.1226,0.5833,525.5786,11.6469,1259.5407,27.4237
Rome,143.5485,Weekend,Private room,FALSE,TRUE,2,FALSE,0,0,5,40,1,1.1225,0.5832,525.582,11.6445,1259.5435,27.4424
Lisbon,117.9644,Weekday,Private room,FALSE,TRUE,2,FALSE,0,1,3,44,1,2.007,0.3948,122.6113,4.0479,343.8601,15.3787
Lisbon,127.3452,Weekend,Private room,FALSE,TRUE,2,FALSE,0,1,3,44,1,2.007,0.3948,122.6117,4.0441,343.8625,19.326
Amsterdam,528.4372,Weekday,Private room,FALSE,TRUE,2,FALSE,0,0,4,47,1,3.8097,0.4177,122.9404,6.5098,152.9705,10.6592
Amsterdam,624.5167,Weekend,Private room,FALSE,TRUE,2,FALSE,0,0,4,47,1,3.8097,0.4177,122.9408,6.5092,152.9711,13.3354
Lisbon,112.5704,Weekday,Private room,FALSE,TRUE,2,FALSE,1,0,5,47,1,2.1885,0.5106,116.4041,3.843,295.9839,13.2375
Lisbon,112.1013,Weekend,Private room,FALSE,TRUE,2,FALSE,1,0,5,47,1,2.1885,0.5106,116.4033,3.8394,295.982,16.635
Budapest,124.5476,Weekday,Entire home/apt,FALSE,FALSE,2,FALSE,0,1,5,50,1,4.2298,0.3771,67.4044,4.0196,119.0577,9.0154
Budapest,172.7217,Weekday,Entire home/apt,FALSE,FALSE,2,FALSE,1,0,6,50,1,0.4376,0.2588,400.3393,23.8741,849.2483,64.3077
Lisbon,107.6454,Weekday,Private room,FALSE,TRUE,2,FALSE,0,1,8,50,1,1.259,0.1166,175.282,5.7868,480.4916,21.4894
Lisbon,107.6454,Weekend,Private room,FALSE,TRUE,2,FALSE,0,1,8,50,1,1.259,0.1166,175.2818,5.7814,480.5006,27.0054
Paris,355.5783,Weekday,Entire home/apt,FALSE,FALSE,2,FALSE,0,1,6,50,0,2.5531,0.1873,553.954,26.9663,1136.3474,66.7712
Paris,373.9864,Weekend,Entire home/apt,FALSE,FALSE,2,FALSE,0,1,6,50,0,2.5531,0.1873,553.9564,26.9362,1136.3475,52.4224
Rome,141.2106,Weekend,Private room,FALSE,TRUE,2,FALSE,0,1,7,50,1,1.4335,0.5393,545.1712,12.0785,1027.1488,22.3791
Barcelona,337.9338,Weekday,Entire home/apt,FALSE,FALSE,2,FALSE,0,1,7,53,1,1.0861,0.2765,683.63,23.2992,1577.1969,34.719
Lisbon,251.8762,Weekday,Entire home/apt,FALSE,FALSE,2,FALSE,0,1,10,53,1,0.4423,0.4274,381.5109,12.5953,1436.2239,64.2333
Lisbon,112.5704,Weekday,Private room,FALSE,TRUE,2,FALSE,0,1,6,53,1,1.1612,0.5075,193.3289,6.3826,630.9699,28.2193
Lisbon,262.6642,Weekend,Entire home/apt,FALSE,FALSE,2,FALSE,0,1,10,53,1,0.4423,0.4274,381.5085,12.5834,1436.2165,80.7192
Lisbon,135.0844,Weekend,Private room,FALSE,TRUE,2,FALSE,0,1,6,53,1,1.1612,0.5075,193.3286,6.3766,630.9689,35.4621
Rome,198.7235,Weekday,Entire home/apt,FALSE,FALSE,2,FALSE,0,1,9,56,1,2.7106,1.5008,784.8728,17.3929,2342.727,51.0078
Rome,199.1911,Weekend,Entire home/apt,FALSE,FALSE,2,FALSE,0,1,9,56,1,2.7106,1.5008,784.8706,17.3892,2342.7467,51.0428
Athens,115.9984,Weekday,Entire home/apt,FALSE,FALSE,2,FALSE,0,1,8,57,1,5.2709,0.1108,32.6171,1.2298,48.4928,3.6411
Athens,123.966,Weekend,Entire home/apt,FALSE,FALSE,2,FALSE,0,1,8,57,1,5.2709,0.1109,32.6172,1.2289,48.493,0.7242
Amsterdam,378.6938,Weekday,Private room,FALSE,TRUE,2,FALSE,0,0,10,60,1,0.5567,0.4978,439.9952,23.298,650.3726,45.3189
Amsterdam,209.0315,Weekday,Private room,FALSE,TRUE,2,FALSE,1,0,6,60,1,8.0695,0.4334,59.1044,3.1296,77.6145,5.4083
Amsterdam,426.0305,Weekend,Private room,FALSE,TRUE,2,FALSE,0,1,10,60,1,2.2868,0.4596,277.9712,14.7173,343.7115,29.9634
Amsterdam,209.0315,Weekend,Private room,FALSE,TRUE,2,FALSE,1,0,6,60,1,8.0695,0.4334,59.1047,3.1293,77.6151,6.7662
Athens,104.2814,Weekday,Entire home/apt,FALSE,FALSE,2,FALSE,0,0,7,60,1,2.8351,0.5015,56.111,2.1156,82.8679,6.2222
Athens,75.2232,Weekday,Private room,FALSE,TRUE,2,FALSE,0,0,6,60,1,3.66,0.436,47.1712,1.7786,63.1484,4.7416
Athens,78.7383,Weekday,Private room,FALSE,TRUE,2,FALSE,1,0,8,60,1,2.4251,0.4772,73.2861,2.7632,107.933,8.1043
Athens,103.1097,Weekday,Private room,FALSE,TRUE,2,FALSE,0,1,10,60,1,1.5148,0.0718,199.9643,7.5395,243.3398,18.2714
Athens,118.1075,Weekday,Private room,FALSE,TRUE,2,FALSE,0,0,6,60,0,1.6727,0.4605,163.5119,6.1651,227.6713,17.0949
Athens,103.1097,Weekend,Private room,FALSE,TRUE,2,FALSE,0,1,10,60,1,1.5148,0.0718,199.9658,7.5343,243.3426,3.6341
Athens,104.2814,Weekend,Entire home/apt,FALSE,FALSE,2,FALSE,0,0,7,60,1,2.8351,0.5015,56.1111,2.1141,82.868,1.2375
Athens,75.2232,Weekend,Private room,FALSE,TRUE,2,FALSE,0,0,6,60,1,3.66,0.436,47.1711,1.7773,63.1486,0.9431
Athens,90.4553,Weekend,Private room,FALSE,TRUE,2,FALSE,1,0,8,60,1,2.425,0.4772,73.2864,2.7613,107.9335,1.6119
Barcelona,239.7189,Weekday,Private room,FALSE,TRUE,2,FALSE,1,0,10,60,1,1.3266,0.5039,412.7729,14.068,1268.0349,27.9134
Barcelona,136.3837,Weekday,Private room,FALSE,TRUE,2,FALSE,0,0,2,60,1,0.3749,0.3547,752.2874,25.6392,1583.3991,34.8555
Barcelona,196.6626,Weekday,Private room,FALSE,TRUE,2,FALSE,1,0,6,60,1,0.7638,0.3444,589.973,20.1072,1230.203,27.0806
Barcelona,171.2942,Weekday,Private room,FALSE,TRUE,2,FALSE,1,0,4,60,1,1.7766,0.5297,477.8575,16.2862,669.7878,14.7441
Barcelona,185.2585,Weekday,Private room,FALSE,TRUE,2,FALSE,0,0,8,60,1,1.2359,0.4265,394.0964,13.4314,1040.4939,22.9045
Barcelona,314.6601,Weekday,Entire home/apt,FALSE,FALSE,2,FALSE,0,1,7,60,1,1.5833,0.4584,459.4519,15.6589,1006.9591,22.1663
Barcelona,69.5883,Weekday,Private room,FALSE,TRUE,2,FALSE,1,0,9,60,1,4.0358,0.3404,205.8356,7.0152,341.7044,7.522
Barcelona,185.2585,Weekday,Private room,FALSE,TRUE,2,FALSE,0,0,2,60,1,2.2661,0.3874,290.5262,9.9016,627.5226,13.8137
Barcelona,136.3837,Weekend,Private room,FALSE,TRUE,2,FALSE,0,0,2,60,1,0.375,0.3546,752.3017,29.0472,1583.4406,34.7829
Barcelona,196.6626,Weekend,Private room,FALSE,TRUE,2,FALSE,1,0,6,60,1,0.7638,0.3444,589.978,22.7797,1230.2035,27.0234
Barcelona,194.3352,Weekend,Private room,FALSE,TRUE,2,FALSE,1,0,4,60,1,1.7766,0.5297,477.8676,18.451,669.7875,14.713
Barcelona,314.6601,Weekend,Entire home/apt,FALSE,FALSE,2,FALSE,0,1,7,60,1,1.5833,0.4584,459.4557,17.7401,1006.9538,22.1194
Barcelona,185.2585,Weekend,Private room,FALSE,TRUE,2,FALSE,0,0,2,60,1,2.2661,0.3874,290.5267,11.2176,627.5214,13.7845
Berlin,299.1493,Weekday,Private room,FALSE,TRUE,2,FALSE,0,1,6,60,1,8.9197,0.1392,60.2138,9.1808,92.85,19.145
Berlin,405.9549,Weekday,Private room,FALSE,TRUE,2,FALSE,1,0,6,60,1,5.0145,0.0261,146.448,22.3289,205.3605,42.3439
Berlin,252.6409,Weekday,Private room,FALSE,TRUE,2,FALSE,1,0,10,60,1,5.3648,0.439,127.2635,19.4038,191.9808,39.5851
Berlin,90.4459,Weekday,Private room,FALSE,TRUE,2,FALSE,1,0,7,60,1,11.4705,0.2865,37.7771,5.7599,51.005,10.5169
Berlin,299.1493,Weekend,Private room,FALSE,TRUE,2,FALSE,0,1,6,60,1,8.9197,0.1392,60.214,9.1778,92.8504,19.6443
Berlin,405.7212,Weekend,Private room,FALSE,TRUE,2,FALSE,1,0,6,60,1,5.0145,0.0261,146.4477,22.3216,205.3609,43.4481
Berlin,252.6409,Weekend,Private room,FALSE,TRUE,2,FALSE,1,0,10,60,1,5.3648,0.439,127.2633,19.3976,191.9809,40.6173
Berlin,90.4459,Weekend,Private room,FALSE,TRUE,2,FALSE,1,0,7,60,1,11.4705,0.2865,37.7771,5.758,51.0049,10.7911
Budapest,156.507,Weekday,Private room,FALSE,TRUE,2,FALSE,1,0,2,60,1,1.8329,0.1242,135.2255,8.0641,301.9721,22.8663
Budapest,147.3422,Weekday,Entire home/apt,FALSE,FALSE,2,FALSE,0,1,4,60,0,2.4552,0.5524,102.7913,6.1299,206.5528,15.6408
Budapest,147.3422,Weekend,Entire home/apt,FALSE,FALSE,2,FALSE,0,1,4,60,0,2.4552,0.5524,102.7912,6.135,206.5526,18.0564
Budapest,303.6142,Weekend,Private room,FALSE,TRUE,2,FALSE,0,1,8,60,1,0.2695,0.2147,598.1069,35.6974,1143.9298,100
Budapest,141.2323,Weekend,Private room,FALSE,TRUE,2,FALSE,1,0,2,60,1,1.8329,0.1242,135.2254,8.0708,301.9719,26.3978
Lisbon,156.8949,Weekday,Entire home/apt,FALSE,FALSE,2,FALSE,0,1,10,60,0,0.8981,0.4972,399.2362,13.1805,750.4375,33.5624
Lisbon,163.6961,Weekday,Entire home/apt,FALSE,FALSE,2,FALSE,0,1,10,60,0,2.5995,1.9922,106.7292,3.5236,271.1669,12.1276
Lisbon,217.167,Weekday,Private room,FALSE,TRUE,2,FALSE,0,1,6,60,1,0.2726,0.2213,464.2976,15.3285,1305.5458,58.3889
Lisbon,133.4428,Weekday,Private room,FALSE,TRUE,2,FALSE,1,0,8,60,1,2.3486,0.4544,110.6579,3.6533,283.4962,12.679
Lisbon,110.2251,Weekday,Private room,FALSE,TRUE,2,FALSE,0,1,8,60,1,2.2077,0.36,115.2208,3.8039,302.9634,13.5497
Lisbon,114.212,Weekday,Private room,FALSE,TRUE,2,FALSE,0,1,10,60,1,2.318,0.2526,111.3039,3.6746,298.6405,13.3563
Lisbon,96.3884,Weekday,Private room,FALSE,TRUE,2,FALSE,1,0,8,60,1,2.9863,0.2488,94.6807,3.1258,240.9937,10.7781
Lisbon,100.8443,Weekday,Private room,FALSE,TRUE,2,FALSE,1,0,7,60,1,6.4831,1.0477,117.896,3.8923,116.5326,5.2118
Lisbon,159.0056,Weekday,Private room,FALSE,TRUE,2,FALSE,0,1,7,60,1,1.2435,0.4379,186.8376,6.1683,586.4813,26.2296
Lisbon,217.167,Weekday,Private room,FALSE,TRUE,2,FALSE,0,0,6,60,1,3.0455,0.3411,93.1748,3.0761,233.0377,10.4223
Lisbon,164.8687,Weekday,Private room,FALSE,TRUE,2,FALSE,0,1,6,60,1,0.7712,0.678,256.0963,8.4548,790.5294,35.3554
Lisbon,182.4578,Weekday,Private room,FALSE,TRUE,2,FALSE,1,0,10,60,1,0.1607,0.1632,464.9193,15.349,1431.1632,64.007
Lisbon,163.6961,Weekday,Entire home/apt,FALSE,FALSE,2,FALSE,0,1,6,60,0,2.3637,1.799,112.4784,3.7134,297.9239,13.3243
Lisbon,189.2589,Weekday,Entire home/apt,FALSE,FALSE,2,TRUE,0,1,10,60,1,1.0051,0.2229,198.2635,6.5455,568.5302,25.4268
Lisbon,120.5441,Weekday,Private room,FALSE,TRUE,2,FALSE,0,1,10,60,1,1.0842,0.0691,196.4384,6.4853,585.3244,26.1779
Lisbon,163.227,Weekend,Entire home/apt,FALSE,FALSE,2,FALSE,0,1,10,60,0,2.5995,1.9922,106.7289,3.5203,271.1641,15.2401
Lisbon,216.4634,Weekend,Private room,FALSE,TRUE,2,FALSE,0,1,6,60,1,0.2726,0.2213,464.304,15.3143,1305.5409,73.3749
Lisbon,132.9737,Weekend,Private room,FALSE,TRUE,2,FALSE,1,0,8,60,1,2.3486,0.4544,110.6582,3.6499,283.4971,15.9333
Lisbon,109.7561,Weekend,Private room,FALSE,TRUE,2,FALSE,0,1,8,60,1,2.2077,0.36,115.2203,3.8003,302.9613,17.0272
Lisbon,113.743,Weekend,Private room,FALSE,TRUE,2,FALSE,0,1,10,60,1,2.318,0.2526,111.3045,3.6712,298.6414,16.7844
Lisbon,158.3021,Weekend,Private room,FALSE,TRUE,2,FALSE,0,1,7,60,1,1.2435,0.4379,186.8335,6.1624,586.4738,32.9614
Lisbon,80.9099,Weekend,Private room,FALSE,TRUE,2,FALSE,1,0,8,60,1,2.5583,0.172,104.3433,3.4416,302.4998,17.0013
Lisbon,216.4634,Weekend,Private room,FALSE,TRUE,2,FALSE,0,0,6,60,1,3.0455,0.3411,93.1747,3.0732,233.0374,13.0973
Lisbon,158.5366,Weekend,Private room,FALSE,TRUE,2,FALSE,0,1,6,60,1,0.7712,0.6781,256.1031,8.4471,790.5117,44.4289
Lisbon,181.5197,Weekend,Private room,FALSE,TRUE,2,FALSE,1,0,10,60,1,0.1607,0.1632,464.9322,15.335,1431.1675,80.4354
Lisbon,255.6285,Weekend,Entire home/apt,FALSE,FALSE,2,TRUE,0,1,10,60,1,1.0052,0.2229,198.2626,6.5393,568.527,31.9527
Lisbon,146.8105,Weekend,Private room,FALSE,TRUE,2,FALSE,0,1,7,60,0,2.4291,0.3207,119.0845,3.9278,358.1809,20.1307
Paris,377.4816,Weekday,Entire home/apt,FALSE,FALSE,2,FALSE,0,1,10,60,0,0.4429,0.1449,669.1979,32.5763,1357.6815,79.7767
Paris,377.4816,Weekday,Entire home/apt,FALSE,FALSE,2,FALSE,0,1,8,60,0,0.4783,0.1228,676.8524,32.9489,1364.1843,80.1588
Paris,339.5004,Weekday,Entire home/apt,FALSE,FALSE,2,FALSE,0,1,8,60,0,0.8408,0.2028,470.2028,22.8893,1125.1289,66.1121
Paris,158.4491,Weekday,Private room,FALSE,TRUE,2,FALSE,1,0,5,60,1,1.8493,0.103,469.5229,22.8562,1337.5987,78.5967
Paris,391.2294,Weekday,Private room,FALSE,TRUE,2,FALSE,1,0,10,60,1,1.449,0.0118,785.934,38.259,1441.8314,84.7213
Paris,321.7914,Weekday,Entire home/apt,FALSE,FALSE,2,FALSE,0,1,7,60,0,2.9267,0.0996,450.7951,21.9446,1007.3572,59.1918
Paris,336.0052,Weekday,Entire home/apt,FALSE,FALSE,2,FALSE,0,1,6,60,0,2.9099,0.0659,456.5985,22.2271,1039.4479,61.0775
Paris,310.6068,Weekday,Entire home/apt,FALSE,FALSE,2,FALSE,0,1,7,60,1,2.124,0.0934,729.973,35.5348,980.5661,57.6176
Paris,443.8904,Weekday,Entire home/apt,FALSE,FALSE,2,FALSE,0,1,10,60,0,0.5381,0.0376,561.4717,27.3323,1075.426,63.1915
Paris,658.2627,Weekday,Private room,FALSE,TRUE,2,FALSE,1,0,10,60,1,4.2019,0.1944,460.4498,22.4145,882.8451,51.8756
Paris,315.5,Weekday,Private room,FALSE,TRUE,2,FALSE,1,0,6,60,1,2.3105,0.3175,387.1864,18.8481,801.4519,47.0929
Paris,195.7312,Weekday,Entire home/apt,FALSE,FALSE,2,FALSE,0,0,4,60,0,2.6188,0.1206,261.9865,12.7534,667.5367,39.2241
Paris,171.0318,Weekday,Entire home/apt,FALSE,FALSE,2,FALSE,0,0,7,60,0,2.3495,0.3001,249.3224,12.1369,654.7191,38.471
Paris,340.6655,Weekday,Private room,FALSE,TRUE,2,TRUE,0,1,8,60,1,3.0593,0.2879,327.017,15.9191,748.3359,43.9719
Paris,357.9085,Weekday,Entire home/apt,FALSE,FALSE,2,FALSE,0,1,10,60,0,3.8392,0.1501,268.3035,13.0609,627.0774,36.8468
Paris,289.6356,Weekday,Entire home/apt,FALSE,FALSE,2,FALSE,1,0,6,60,1,5.3696,0.2557,252.0861,12.2715,485.0528,28.5015
Paris,601.4074,Weekday,Entire home/apt,FALSE,FALSE,2,FALSE,1,0,10,60,0,4.9331,0.3573,379.5787,18.4778,731.2188,42.9661
Paris,347.6559,Weekday,Entire home/apt,FALSE,FALSE,2,FALSE,0,0,10,60,0,5.7997,0.0619,285.9955,13.9222,503.9357,29.611
Paris,282.1791,Weekday,Entire home/apt,FALSE,FALSE,2,FALSE,0,1,10,60,0,3.4078,0.3497,219.5148,10.6859,535.1608,31.4458
Paris,413.3656,Weekend,Entire home/apt,FALSE,FALSE,2,FALSE,0,1,8,60,0,0.4783,0.1228,676.865,32.9126,1363.9735,62.9233
Paris,339.5004,Weekend,Entire home/apt,FALSE,FALSE,2,FALSE,0,1,8,60,0,0.8408,0.2028,470.203,22.8637,1125.1294,51.9048
Paris,183.3815,Weekend,Private room,FALSE,TRUE,2,FALSE,1,0,5,60,1,1.8493,0.103,469.5205,22.8305,1337.5932,61.7063
Paris,402.88,Weekend,Private room,FALSE,TRUE,2,FALSE,1,0,10,60,1,1.449,0.0117,785.9182,38.2153,1442.0008,66.5229
Paris,353.2482,Weekend,Entire home/apt,FALSE,FALSE,2,FALSE,0,1,7,60,0,2.9267,0.0996,450.793,21.9198,1007.3506,46.4714
Paris,353.2482,Weekend,Entire home/apt,FALSE,FALSE,2,FALSE,0,1,6,60,0,2.9099,0.0659,456.5975,22.2021,1039.4412,47.9518
Paris,310.6068,Weekend,Entire home/apt,FALSE,FALSE,2,FALSE,0,1,7,60,1,2.124,0.0934,729.9627,35.4945,980.5636,45.2357
Paris,413.5987,Weekend,Entire home/apt,FALSE,FALSE,2,FALSE,0,1,10,60,0,0.4429,0.1449,669.1994,32.5399,1357.6772,62.6328
Paris,490.9591,Weekend,Entire home/apt,FALSE,FALSE,2,FALSE,0,1,10,60,0,0.538,0.0376,561.4797,27.302,1075.4381,49.6125
Paris,591.1548,Weekend,Private room,FALSE,TRUE,2,FALSE,1,0,10,60,1,4.2019,0.1944,460.4498,22.3894,882.8449,40.7277
Paris,279.616,Weekend,Private room,FALSE,TRUE,2,FALSE,1,0,6,60,1,2.3105,0.3175,387.1866,18.827,801.4524,36.9729
Paris,312.7039,Weekend,Entire home/apt,FALSE,FALSE,2,FALSE,0,0,2,60,1,3.1888,0.2578,411.7996,20.0238,829.0712,38.247
Paris,203.1876,Weekend,Entire home/apt,FALSE,FALSE,2,FALSE,0,0,4,60,0,2.6188,0.1206,261.987,12.7391,667.5394,30.7952
Paris,171.0318,Weekend,Entire home/apt,FALSE,FALSE,2,FALSE,0,0,7,60,0,2.3495,0.3001,249.3229,12.1233,654.7216,30.2038
Paris,318.5292,Weekend,Private room,FALSE,TRUE,2,TRUE,0,1,8,60,1,3.0593,0.2879,327.0195,15.9013,748.3286,34.5221
Paris,369.5591,Weekend,Entire home/apt,FALSE,FALSE,2,FALSE,0,1,10,60,0,3.8392,0.1501,268.3037,13.0463,627.0775,28.9285
Paris,289.6356,Weekend,Entire home/apt,FALSE,FALSE,2,FALSE,1,0,6,60,1,5.3696,0.2557,252.0867,12.2577,485.0543,22.3767
Paris,372.1223,Weekend,Entire home/apt,FALSE,FALSE,2,FALSE,1,0,4,60,0,3.3552,0.3237,563.2525,27.3882,955.9202,44.0988
Paris,625.1748,Weekend,Entire home/apt,FALSE,FALSE,2,FALSE,1,0,10,60,0,4.9331,0.3573,379.5789,18.4571,731.2143,33.7326
Paris,347.8889,Weekend,Entire home/apt,FALSE,FALSE,2,FALSE,0,0,10,60,0,5.7997,0.0619,285.9962,13.9066,503.9372,23.2478
Paris,282.6452,Weekend,Entire home/apt,FALSE,FALSE,2,FALSE,0,1,10,60,0,3.4078,0.3497,219.515,10.6739,535.1615,24.6882
Rome,149.8609,Weekday,Private room,FALSE,TRUE,2,FALSE,1,0,10,60,1,2.954,0.2662,207.2351,4.5924,577.6488,12.577
Rome,73.6446,Weekday,Private room,FALSE,TRUE,2,FALSE,1,0,9,60,1,4.1009,0.4261,164.1827,3.6383,465.2128,10.129
Rome,119.9355,Weekday,Private room,FALSE,TRUE,2,FALSE,1,0,4,60,1,3.2164,0.3584,209.196,4.6358,627.0298,13.6522
Rome,145.4188,Weekday,Entire home/apt,FALSE,FALSE,2,FALSE,0,1,5,60,1,1.9747,0.5469,233.5814,5.1762,649.5748,14.1431
Rome,130.2223,Weekday,Private room,FALSE,TRUE,2,FALSE,0,1,6,60,1,6.2545,0.3524,118.8899,2.6346,374.2079,8.1476
Rome,195.918,Weekday,Private room,FALSE,TRUE,2,FALSE,0,1,6,60,1,3.3535,0.1705,356.8686,7.9083,1049.5576,22.8518
Rome,126.7155,Weekday,Private room,FALSE,TRUE,2,FALSE,1,0,4,60,1,3.0071,1.7432,271.147,6.0087,678.7553,14.7784
Rome,134.8982,Weekday,Private room,FALSE,TRUE,2,FALSE,0,1,2,60,1,0.5947,0.4061,451.1808,9.9983,1268.6156,27.6213
Rome,158.9788,Weekday,Entire home/apt,FALSE,FALSE,2,FALSE,0,1,8,60,1,0.8446,0.6295,457.8947,10.147,1309.6507,28.5148
Rome,131.3913,Weekday,Private room,FALSE,TRUE,2,FALSE,0,1,8,60,1,3.4885,0.4574,178.8639,3.9637,532.8589,11.6018
Rome,149.8609,Weekend,Private room,FALSE,TRUE,2,FALSE,1,0,10,60,1,2.954,0.2662,207.2351,4.5914,577.6486,12.5856
Rome,73.6446,Weekend,Private room,FALSE,TRUE,2,FALSE,1,0,9,60,1,4.1009,0.4261,164.1827,3.6375,465.2128,10.1359
Rome,154.3029,Weekend,Private room,FALSE,TRUE,2,FALSE,1,0,4,60,1,3.2164,0.3583,209.195,4.6348,627.0052,13.6609
Rome,184.4622,Weekend,Entire home/apt,FALSE,FALSE,2,FALSE,0,1,5,60,1,1.9747,0.5469,233.5796,5.1751,649.5726,14.1526
Rome,130.6899,Weekend,Private room,FALSE,TRUE,2,FALSE,0,1,6,60,1,6.2545,0.3524,118.8899,2.6341,374.2091,8.1531
Rome,196.3856,Weekend,Private room,FALSE,TRUE,2,FALSE,0,1,6,60,1,3.3535,0.1705,356.8709,7.9066,1049.5353,22.8668
Rome,161.7843,Weekend,Private room,FALSE,TRUE,2,FALSE,0,1,8,60,1,1.8085,0.3648,245.3578,5.436,711.2708,15.4969
Rome,126.9492,Weekend,Private room,FALSE,TRUE,2,FALSE,1,0,4,60,1,3.0071,1.7432,271.1464,6.0074,678.7543,14.7884
Rome,208.0752,Weekend,Private room,FALSE,TRUE,2,FALSE,0,1,10,60,1,1.535,0.1963,852.2089,18.8811,1642.1337,35.7781
Rome,136.3009,Weekend,Private room,FALSE,TRUE,2,FALSE,0,1,10,60,1,1.7797,0.368,986.6468,21.8596,1964.7355,42.8068
Rome,144.4837,Weekend,Private room,FALSE,TRUE,2,FALSE,0,1,2,60,1,0.5947,0.4061,451.1795,9.9961,1268.6202,27.6402
Rome,159.4464,Weekend,Entire home/apt,FALSE,FALSE,2,FALSE,0,1,8,60,1,0.8445,0.6295,457.8931,10.1448,1309.72,28.5356
Rome,131.6251,Weekend,Private room,FALSE,TRUE,2,FALSE,0,1,8,60,1,3.4885,0.4574,178.8645,3.9628,532.8486,11.6095
Vienna,191.4312,Weekday,Entire home/apt,FALSE,FALSE,2,FALSE,0,0,10,60,1,2.4541,0.5281,86.108,6.1667,133.2468,3.1854
Vienna,154.0331,Weekday,Entire home/apt,FALSE,FALSE,2,FALSE,0,0,4,60,1,4.0978,0.1146,61.4499,4.4008,83.9221,2.0062
Vienna,135.5679,Weekday,Private room,FALSE,TRUE,2,FALSE,0,1,4,60,1,2.9358,0.2988,81.5095,5.8374,124.1036,2.9668
Vienna,189.0938,Weekday,Entire home/apt,FALSE,FALSE,2,FALSE,0,1,10,60,1,3.7354,0.2026,98.956,7.0868,120.6686,2.8847
Vienna,191.1974,Weekend,Entire home/apt,FALSE,FALSE,2,FALSE,0,0,10,60,1,2.4541,0.5281,86.1083,6.1665,133.2472,3.2205
Vienna,156.6043,Weekend,Entire home/apt,FALSE,FALSE,2,FALSE,0,0,4,60,1,4.0978,0.1147,61.4502,4.4007,83.9224,2.0284
Vienna,135.5679,Weekend,Private room,FALSE,TRUE,2,FALSE,0,1,4,60,1,2.9358,0.2988,81.5089,5.8371,124.1025,2.9995
Vienna,196.1059,Weekend,Entire home/apt,FALSE,FALSE,2,FALSE,0,1,10,60,1,3.7354,0.2026,98.9559,7.0866,120.6677,2.9165
Barcelona,179.44,Weekday,Private room,FALSE,TRUE,2,FALSE,0,1,6,63,1,4.4017,1.0467,224.7997,7.6615,316.1548,6.9595
Barcelona,179.44,Weekend,Private room,FALSE,TRUE,2,FALSE,0,1,6,63,1,4.4017,1.0467,224.7984,8.6797,316.1534,6.9448
Vienna,171.7972,Weekday,Entire home/apt,FALSE,FALSE,2,FALSE,0,1,8,63,1,2.2188,0.9176,92.7792,6.6444,139.9649,3.346
Vienna,177.4069,Weekend,Entire home/apt,FALSE,FALSE,2,FALSE,0,1,8,63,1,2.2188,0.9176,92.7788,6.6442,139.9643,3.3829
Lisbon,252.1107,Weekday,Private room,FALSE,TRUE,2,FALSE,1,0,6,64,1,5.5077,0.4191,63.7778,2.1056,133.8329,5.9855
Lisbon,164.8687,Weekday,Private room,FALSE,TRUE,2,FALSE,0,1,8,64,1,0.9392,0.6514,208.5077,6.8837,662.5082,29.6298
Lisbon,250.9381,Weekend,Private room,FALSE,TRUE,2,FALSE,1,0,6,64,1,5.5077,0.4191,63.7778,2.1036,133.8331,7.5218
Lisbon,158.5366,Weekend,Private room,FALSE,TRUE,2,FALSE,0,1,8,64,1,0.9392,0.6514,208.5086,6.8773,662.5092,37.2348
Barcelona,98.2149,Weekday,Private room,FALSE,TRUE,2,FALSE,1,0,7,65,1,3.9106,0.4857,200.3744,6.8291,351.7911,7.744
Paris,340.4325,Weekday,Entire home/apt,FALSE,FALSE,2,FALSE,0,1,9,65,0,0.1873,0.0658,727.0817,35.3941,1310.0192,76.9761
Paris,254.4506,Weekday,Entire home/apt,FALSE,FALSE,2,FALSE,0,0,9,65,0,1.2188,0.2026,467.1157,22.739,1150.8101,67.6211
Paris,247.9262,Weekday,Entire home/apt,FALSE,FALSE,2,FALSE,0,0,10,65,0,2.8168,0.0455,410.8284,19.999,857.9697,50.4139
Paris,268.4314,Weekend,Entire home/apt,FALSE,FALSE,2,FALSE,0,0,9,65,0,1.2188,0.2026,467.1136,22.7134,1150.8052,53.0893
Paris,255.3826,Weekend,Entire home/apt,FALSE,FALSE,2,FALSE,0,0,10,65,0,2.8168,0.0455,410.8258,19.9764,857.9706,39.5802
Barcelona,113.5755,Weekday,Private room,FALSE,TRUE,2,FALSE,1,0,6,66,1,3.9417,0.4052,263.1586,8.9689,375.538,8.2667
Barcelona,115.6702,Weekend,Private room,FALSE,TRUE,2,FALSE,1,0,6,66,1,3.9417,0.4051,263.1532,10.1606,375.5341,8.2492
Athens,97.9542,Weekday,Entire home/apt,FALSE,FALSE,2,FALSE,0,1,9,67,1,3.2221,0.9242,49.2686,1.8576,69.4885,5.2176
Athens,135.683,Weekday,Entire home/apt,FALSE,FALSE,2,FALSE,0,1,8,67,0,0.9506,0.0976,399.3243,15.0562,677.664,50.8831
Athens,154.1959,Weekend,Entire home/apt,FALSE,FALSE,2,FALSE,0,1,8,67,0,0.9505,0.0975,399.3223,15.0456,677.6032,10.1193
Athens,105.9218,Weekend,Entire home/apt,FALSE,FALSE,2,FALSE,0,1,9,67,1,3.2221,0.9242,49.2683,1.8563,69.4881,1.0377
Barcelona,173.6216,Weekday,Private room,FALSE,TRUE,2,FALSE,0,1,8,67,1,1.4267,0.4786,350.4222,11.943,869.6365,19.1434
Barcelona,214.1178,Weekday,Private room,FALSE,TRUE,2,FALSE,0,1,8,67,1,0.7181,0.2585,741.4642,25.2703,1560.0988,34.3426
Barcelona,196.8953,Weekday,Private room,FALSE,TRUE,2,FALSE,0,0,7,67,1,2.6672,0.3819,302.3672,10.3052,547.8313,12.0595
Barcelona,173.6216,Weekend,Private room,FALSE,TRUE,2,FALSE,0,1,8,67,1,1.4267,0.4786,350.4229,13.5302,869.6393,19.1031
Barcelona,410.7804,Weekend,Private room,FALSE,TRUE,2,FALSE,0,1,8,67,1,0.7181,0.2585,741.4761,28.6292,1560.1195,34.2706
Barcelona,196.8953,Weekend,Private room,FALSE,TRUE,2,FALSE,0,0,7,67,1,2.6671,0.3819,302.3721,11.6749,547.836,12.0341
Lisbon,200.985,Weekday,Entire home/apt,FALSE,FALSE,2,FALSE,0,1,8,67,1,0.4327,0.371,394.6232,13.0282,1368.6118,61.2094
Lisbon,193.9493,Weekday,Private room,FALSE,TRUE,2,FALSE,0,1,8,67,1,1.9043,0.3242,127.2992,4.2027,364.25,16.2906
Lisbon,143.7617,Weekday,Private room,FALSE,TRUE,2,FALSE,1,0,8,67,1,3.7824,1.6798,81.9226,2.7046,168.8405,7.5512
Lisbon,164.8687,Weekday,Private room,FALSE,TRUE,2,FALSE,0,1,7,67,1,0.8026,0.6296,242.4955,8.0058,757.7672,33.8902
Lisbon,105.3002,Weekend,Private room,FALSE,TRUE,2,FALSE,0,1,8,67,1,1.6767,0.0833,138.7245,4.5756,422.9881,23.773
Lisbon,193.0113,Weekend,Private room,FALSE,TRUE,2,FALSE,0,1,8,67,1,1.9043,0.3242,127.2991,4.1987,364.2496,20.4718
Lisbon,122.4203,Weekend,Private room,FALSE,TRUE,2,FALSE,1,0,8,67,1,3.7824,1.6798,81.9224,2.7021,168.839,9.4892
Lisbon,198.8743,Weekend,Entire home/apt,FALSE,FALSE,2,FALSE,0,1,8,67,1,1.4509,0.3491,160.2009,5.2839,410.8268,23.0896
Lisbon,141.182,Weekend,Private room,FALSE,TRUE,2,FALSE,0,1,7,67,1,2.2367,0.1611,113.8702,3.7558,321.7081,18.0808
Lisbon,158.5366,Weekend,Private room,FALSE,TRUE,2,FALSE,0,1,7,67,1,0.8026,0.6296,242.4923,7.9982,757.7627,42.5883
Paris,355.5783,Weekday,Entire home/apt,FALSE,FALSE,2,FALSE,0,1,8,67,0,1.0617,0.2076,680.1483,33.1094,1371.7552,80.6037
Paris,382.3749,Weekday,Private room,FALSE,TRUE,2,FALSE,0,1,7,67,1,0.9564,0.1601,754.0261,36.7057,1297.1343,76.219
Paris,416.1618,Weekday,Private room,FALSE,TRUE,2,FALSE,0,1,9,67,1,2.1955,0.1899,443.2661,21.578,1200.822,70.5597
Paris,297.325,Weekday,Entire home/apt,FALSE,FALSE,2,FALSE,0,0,7,67,0,2.0349,0.336,269.1055,13.1,784.4189,46.0921
Paris,155.6529,Weekday,Private room,FALSE,TRUE,2,FALSE,0,1,7,67,1,6.6763,0.4239,214.5138,10.4425,386.7782,22.7269
Paris,219.4986,Weekday,Entire home/apt,FALSE,FALSE,2,FALSE,1,0,6,67,1,3.7738,0.1739,242.7907,11.819,558.7317,32.8308
Paris,374.2194,Weekend,Entire home/apt,FALSE,FALSE,2,FALSE,0,1,8,67,0,1.0617,0.2076,680.1471,33.0722,1371.7229,63.2808
Paris,382.3749,Weekend,Private room,FALSE,TRUE,2,FALSE,0,1,7,67,1,0.9564,0.1601,753.9807,36.6624,1297.1127,59.8388
Paris,426.4144,Weekend,Private room,FALSE,TRUE,2,FALSE,0,1,9,67,1,2.1955,0.1899,443.2644,21.5538,1200.8148,55.3964
Paris,297.325,Weekend,Entire home/apt,FALSE,FALSE,2,FALSE,0,0,7,67,0,2.0349,0.336,269.1056,13.0853,784.4117,36.1867
Paris,148.6625,Weekend,Private room,FALSE,TRUE,2,FALSE,0,1,7,67,1,6.6764,0.4239,214.5125,10.4307,386.7764,17.8429
Paris,231.8483,Weekend,Entire home/apt,FALSE,FALSE,2,FALSE,1,0,6,67,1,3.7738,0.1739,242.7912,11.8057,558.7329,25.7757
Rome,124.6113,Weekday,Private room,FALSE,TRUE,2,FALSE,0,1,9,67,1,1.0147,0.1939,468.9682,10.3924,1133.6527,24.6828
Rome,184.4622,Weekday,Private room,FALSE,TRUE,2,FALSE,1,0,7,67,1,8.6533,0.3297,109.8695,2.4347,298.7835,6.5054
Rome,251.3268,Weekday,Private room,FALSE,TRUE,2,FALSE,1,0,9,67,1,0.9543,0.5687,523.5481,11.6019,1269.4441,27.6394
Rome,184.9297,Weekend,Private room,FALSE,TRUE,2,FALSE,1,0,7,67,1,8.6533,0.3296,109.8697,2.4342,298.7843,6.5098
Rome,252.0281,Weekend,Private room,FALSE,TRUE,2,FALSE,1,0,9,67,1,0.9543,0.5686,523.5534,11.5996,1269.4533,27.6583
Rome,166.4602,Weekend,Private room,FALSE,TRUE,2,FALSE,0,1,9,67,1,0.5658,0.1554,409.1171,9.0642,1129.9348,24.6185
Barcelona,298.6013,Weekday,Entire home/apt,FALSE,FALSE,2,FALSE,0,1,8,68,1,1.6629,0.4452,428.7262,14.6117,944.3886,20.7889
Barcelona,298.6013,Weekend,Entire home/apt,FALSE,FALSE,2,FALSE,0,1,8,68,1,1.6629,0.4452,428.7279,16.5537,944.388,20.745
Barcelona,148.0206,Weekend,Private room,FALSE,TRUE,2,FALSE,0,1,7,68,1,1.8047,0.2165,343.6737,13.2696,800.8706,17.5924
Lisbon,188.5553,Weekend,Entire home/apt,FALSE,FALSE,2,FALSE,0,1,9,68,1,0.4993,0.2286,331.0863,10.9203,980.3292,55.0971
Paris,355.5783,Weekday,Entire home/apt,FALSE,FALSE,2,FALSE,0,1,8,68,0,1.1053,0.2896,631.8073,30.7562,1382.3126,81.224
Paris,280.315,Weekday,Entire home/apt,FALSE,FALSE,2,FALSE,0,0,8,68,1,0.8151,0.2241,475.8247,23.163,1129.7992,66.3865
Paris,336.2382,Weekday,Entire home/apt,FALSE,FALSE,2,FALSE,0,1,7,68,1,3.6011,0.4397,202.097,9.838,526.9143,30.9612
Paris,373.9864,Weekend,Entire home/apt,FALSE,FALSE,2,FALSE,0,1,8,68,0,1.1053,0.2896,631.8068,30.7216,1382.2994,63.7687
Paris,273.0916,Weekend,Entire home/apt,FALSE,FALSE,2,FALSE,0,0,8,68,1,0.8151,0.2241,475.8278,23.1372,1129.8035,52.1205
Paris,336.2382,Weekend,Entire home/apt,FALSE,FALSE,2,FALSE,0,1,7,68,1,3.6011,0.4397,202.0976,9.827,526.9162,24.3079
Berlin,125.2688,Weekday,Private room,FALSE,TRUE,2,FALSE,0,1,7,69,1,3.7274,0.1911,193.5009,29.503,186.6694,38.4899
Paris,201.3235,Weekday,Entire home/apt,FALSE,FALSE,2,FALSE,0,0,10,69,0,5.1784,0.323,362.6293,17.6527,627.1969,36.8538
Paris,277.9849,Weekday,Entire home/apt,FALSE,FALSE,2,FALSE,0,0,8,69,0,1.3541,0.3908,642.0165,31.2531,1098.4439,64.5441
Paris,200.1584,Weekend,Entire home/apt,FALSE,FALSE,2,FALSE,0,0,10,69,0,5.1784,0.3231,362.6273,17.6328,627.1942,28.9339
Paris,277.9849,Weekend,Entire home/apt,FALSE,FALSE,2,FALSE,0,0,8,69,0,1.3541,0.3908,642.0154,31.218,1098.4501,50.6741
Vienna,182.0817,Weekday,Entire home/apt,FALSE,FALSE,2,FALSE,0,1,8,69,1,1.9345,0.6353,118.8054,8.5083,170.9559,4.0868
Vienna,186.5227,Weekend,Entire home/apt,FALSE,FALSE,2,FALSE,0,1,8,69,1,1.9345,0.6353,118.8065,8.5081,170.9559,4.1319
Amsterdam,276.2871,Weekday,Private room,FALSE,TRUE,2,FALSE,0,0,6,70,1,2.4327,0.7287,343.814,18.2052,335.4548,23.375
Amsterdam,276.2871,Weekend,Private room,FALSE,TRUE,2,FALSE,0,0,6,70,1,2.4327,0.7287,343.8085,18.2031,335.4528,29.2434
Athens,112.4833,Weekday,Entire home/apt,FALSE,FALSE,2,FALSE,0,1,10,70,1,2.4851,0.3115,62.9157,2.3722,93.7836,7.0418
Athens,134.0426,Weekday,Entire home/apt,FALSE,FALSE,2,FALSE,0,1,8,70,0,1.1706,0.3336,409.9846,15.4581,354.9756,26.6537
Athens,55.773,Weekday,Entire home/apt,FALSE,FALSE,2,FALSE,0,1,5,70,0,3.1696,0.1783,50.5478,1.9059,76.2737,5.7271
Athens,115.9984,Weekday,Entire home/apt,FALSE,FALSE,2,FALSE,0,1,9,70,1,2.009,0.5984,129.9629,4.9001,163.5782,12.2824
Athens,330.4197,Weekday,Entire home/apt,FALSE,FALSE,2,FALSE,0,1,9,70,1,2.0735,0.0763,114.4575,4.3155,212.7088,15.9715
Athens,330.4197,Weekend,Entire home/apt,FALSE,FALSE,2,FALSE,0,1,9,70,1,2.0735,0.0763,114.4576,4.3125,212.7105,3.1766
Athens,145.994,Weekend,Entire home/apt,FALSE,FALSE,2,FALSE,0,1,8,70,1,1.1706,0.3336,410.0064,15.4481,354.986,5.3013
Athens,121.8569,Weekend,Entire home/apt,FALSE,FALSE,2,FALSE,0,1,9,70,1,2.009,0.5984,129.9634,4.8967,163.5784,2.4429
Athens,55.773,Weekend,Entire home/apt,FALSE,FALSE,2,FALSE,0,1,5,70,0,3.1695,0.1783,50.5478,1.9045,76.2738,1.1391
Barcelona,237.1587,Weekday,Private room,FALSE,TRUE,2,FALSE,1,0,8,70,1,0.5093,0.2457,798.2855,27.2069,1334.8008,29.3831
Barcelona,287.1972,Weekday,Entire home/apt,FALSE,FALSE,2,FALSE,0,1,7,70,1,0.9738,0.3498,779.5717,26.5691,1862.0224,40.9888
Barcelona,107.5244,Weekday,Private room,FALSE,TRUE,2,FALSE,1,0,6,70,1,2.1809,0.5275,505.2482,17.2197,598.5896,13.1768
Barcelona,113.5755,Weekday,Private room,FALSE,TRUE,2,FALSE,0,0,5,70,1,0.5563,0.1958,894.1372,30.4736,1683.044,37.049
Barcelona,219.7035,Weekday,Private room,FALSE,TRUE,2,FALSE,1,0,9,70,1,0.8365,0.4225,625.9749,21.3342,1350.8159,29.7356
Barcelona,287.1972,Weekend,Entire home/apt,FALSE,FALSE,2,FALSE,0,1,7,70,1,0.9738,0.3498,779.5631,30.0998,1861.9821,40.9015
Barcelona,114.2737,Weekend,Private room,FALSE,TRUE,2,FALSE,1,0,6,70,1,2.1809,0.5275,505.2466,19.5082,598.588,13.149
Barcelona,113.5755,Weekend,Private room,FALSE,TRUE,2,FALSE,0,0,5,70,1,0.5563,0.1958,894.1349,34.5236,1683.0379,36.9707
Barcelona,219.7035,Weekend,Private room,FALSE,TRUE,2,FALSE,1,0,9,70,1,0.8365,0.4225,625.9812,24.1699,1350.8068,29.6727
Berlin,115.9204,Weekday,Private room,FALSE,TRUE,2,FALSE,1,0,5,70,1,8.3995,0.4461,69.0596,10.5295,119.5425,24.6488
Berlin,278.3491,Weekday,Entire home/apt,FALSE,FALSE,2,FALSE,1,0,10,70,1,1.1254,0.357,337.1889,51.4111,410.808,84.7058
Berlin,107.7405,Weekend,Private room,FALSE,TRUE,2,FALSE,0,0,8,70,1,3.1724,1.3193,76.667,11.6856,103.6508,21.9294
Berlin,115.9204,Weekend,Private room,FALSE,TRUE,2,FALSE,1,0,5,70,1,8.3995,0.4461,69.0597,10.5261,119.5427,25.2916
Budapest,139.1174,Weekday,Entire home/apt,FALSE,FALSE,2,FALSE,0,0,4,70,1,1.717,0.1233,162.7606,9.7062,367.0625,27.7951
Budapest,69.7937,Weekday,Private room,FALSE,TRUE,2,FALSE,0,1,6,70,1,1.483,0.2396,203.0392,12.1082,401.7002,30.418
Budapest,164.0269,Weekday,Entire home/apt,FALSE,FALSE,2,FALSE,0,1,9,70,1,2.0213,0.5432,134.9569,8.0481,266.0178,20.1437
Budapest,139.1174,Weekend,Entire home/apt,FALSE,FALSE,2,FALSE,0,0,4,70,1,1.717,0.1233,162.7598,9.7141,367.0296,32.085
Lisbon,89.1182,Weekday,Private room,FALSE,TRUE,2,FALSE,0,1,10,70,1,1.6121,0.2638,141.7765,4.6806,424.017,18.9636
Lisbon,128.2833,Weekday,Private room,FALSE,TRUE,2,FALSE,0,1,7,70,1,2.2051,0.3448,115.2706,3.8056,304.57,13.6215
Lisbon,118.1989,Weekday,Private room,FALSE,TRUE,2,FALSE,0,1,9,70,0,2.4213,0.6656,108.8724,3.5943,269.422,12.0496
Lisbon,91.6979,Weekday,Shared room,TRUE,FALSE,2,FALSE,0,1,10,70,1,2.6357,0.1756,102.6605,3.3893,280.1017,12.5272
Lisbon,188.0863,Weekday,Entire home/apt,FALSE,FALSE,2,FALSE,0,1,7,70,0,6.5814,5.5982,190.1866,6.2789,153.4935,6.8648
Lisbon,164.8687,Weekday,Private room,FALSE,TRUE,2,FALSE,0,1,7,70,1,2.402,0.2288,116.3241,3.8404,359.1761,16.0637
Lisbon,97.3265,Weekday,Private room,FALSE,TRUE,2,FALSE,0,1,8,70,1,1.8552,0.2477,129.5403,4.2767,354.8955,15.8723
Lisbon,163.6961,Weekday,Entire home/apt,FALSE,FALSE,2,FALSE,0,1,9,70,0,2.3835,1.805,111.8474,3.6926,297.7197,13.3151
Lisbon,235.6942,Weekday,Private room,FALSE,TRUE,2,FALSE,0,1,9,70,1,1.8206,0.3549,132.4032,4.3712,408.0263,18.2485
Lisbon,88.8837,Weekend,Private room,FALSE,TRUE,2,FALSE,0,1,10,70,1,1.6121,0.2638,141.7763,4.6762,424.0188,23.831
Lisbon,127.8143,Weekend,Private room,FALSE,TRUE,2,FALSE,0,1,7,70,1,2.2051,0.3448,115.2706,3.802,304.5709,17.1177
Lisbon,117.9644,Weekend,Private room,FALSE,TRUE,2,FALSE,0,1,9,70,0,2.4213,0.6656,108.8723,3.591,269.4208,15.1422
Lisbon,194.4184,Weekend,Entire home/apt,FALSE,FALSE,2,FALSE,0,1,7,70,0,6.5814,5.5982,190.1872,6.273,153.4943,8.6268
Lisbon,158.5366,Weekend,Private room,FALSE,TRUE,2,FALSE,0,1,7,70,1,2.402,0.2288,116.3243,3.8368,359.1763,20.1867
Lisbon,97.0919,Weekend,Private room,FALSE,TRUE,2,FALSE,0,1,8,70,1,1.8552,0.2477,129.5402,4.2727,354.8949,19.946
Lisbon,80.9099,Weekend,Shared room,TRUE,FALSE,2,FALSE,1,0,8,70,1,2.1991,0.4117,115.6798,3.8155,300.3377,16.8798
Lisbon,260.0844,Weekend,Private room,FALSE,TRUE,2,FALSE,0,1,9,70,1,1.8206,0.3549,132.4031,4.3671,408.0253,22.9321
Paris,183.1485,Weekday,Entire home/apt,FALSE,FALSE,2,FALSE,0,1,8,70,0,1.2281,0.0685,399.8941,19.4667,1059.3612,62.2476
Paris,339.5004,Weekday,Entire home/apt,FALSE,FALSE,2,FALSE,0,1,7,70,0,0.8833,0.1848,459.5606,22.3713,1114.3366,65.4779
Paris,319.6943,Weekday,Entire home/apt,FALSE,FALSE,2,FALSE,0,1,8,70,0,3.8968,0.6239,711.1917,34.6206,917.006,53.8829
Paris,263.3051,Weekday,Entire home/apt,FALSE,FALSE,2,FALSE,0,0,7,70,0,5.0701,0.4885,315.2038,15.344,651.7003,38.2936
Paris,427.5795,Weekday,Entire home/apt,FALSE,FALSE,2,FALSE,1,0,7,70,1,2.4718,0.027,455.0037,22.1494,1087.6795,63.9115
Paris,218.5665,Weekday,Private room,FALSE,TRUE,2,FALSE,1,0,10,70,0,2.4395,0.0642,249.9611,12.168,653.7618,38.4147
Paris,252.3534,Weekday,Entire home/apt,FALSE,FALSE,2,FALSE,0,0,8,70,0,3.1617,0.2314,231.7249,11.2803,560.9308,32.96
Paris,198.5274,Weekday,Private room,FALSE,TRUE,2,FALSE,0,1,8,70,1,3.8295,0.2083,343.7243,16.7324,729.6472,42.8737
Paris,266.3342,Weekday,Entire home/apt,FALSE,FALSE,2,FALSE,0,0,6,70,1,4.2131,0.3318,299.888,14.5984,724.4349,42.5675
Paris,357.4424,Weekend,Entire home/apt,FALSE,FALSE,2,FALSE,0,1,10,70,0,0.8833,0.1848,459.5573,22.346,1114.3289,51.4066
Paris,183.1485,Weekend,Entire home/apt,FALSE,FALSE,2,FALSE,0,1,8,70,0,1.2281,0.0685,399.8941,19.4449,1059.3607,48.8708
Paris,339.5004,Weekend,Entire home/apt,FALSE,FALSE,2,FALSE,0,1,7,70,0,0.8832,0.1848,459.562,22.3462,1114.3395,51.4071
Paris,317.5972,Weekend,Entire home/apt,FALSE,FALSE,2,FALSE,0,1,8,70,0,3.8968,0.6239,711.1784,34.5811,917.0176,42.3042
Paris,280.315,Weekend,Entire home/apt,FALSE,FALSE,2,FALSE,0,0,7,70,0,5.0701,0.4884,315.2056,15.3269,651.7067,30.0647
Paris,441.5603,Weekend,Entire home/apt,FALSE,FALSE,2,FALSE,1,0,7,70,1,2.4717,0.0269,455.0042,22.1246,1087.6851,50.1774
Paris,218.5665,Weekend,Private room,FALSE,TRUE,2,FALSE,1,0,10,70,0,2.4395,0.0643,249.9626,12.1545,653.7679,30.1598
Paris,264.7031,Weekend,Entire home/apt,FALSE,FALSE,2,FALSE,0,0,8,70,0,3.1617,0.2313,231.7247,11.2676,560.931,25.8771
Paris,228.12,Weekend,Private room,FALSE,TRUE,2,FALSE,0,1,8,70,1,3.8296,0.2083,343.7258,16.7137,729.6388,33.6599
Paris,266.5672,Weekend,Entire home/apt,FALSE,FALSE,2,FALSE,0,0,6,70,1,4.2131,0.3318,299.8881,14.5821,724.4509,33.4206
Rome,346.0127,Weekday,Private room,FALSE,TRUE,2,FALSE,1,0,9,70,1,7.8126,0.6017,147.1199,3.2602,361.5177,7.8713
Rome,103.8038,Weekday,Private room,FALSE,TRUE,2,FALSE,1,0,9,70,3,4.1677,2.1804,331.5599,7.3474,868.6953,18.9139
Rome,163.6546,Weekday,Private room,FALSE,TRUE,2,FALSE,0,1,8,70,1,0.5274,0.2435,650.1701,14.4079,1614.6669,35.1558
Rome,161.5505,Weekday,Private room,FALSE,TRUE,2,FALSE,1,0,8,70,1,3.5324,0.2895,325.8796,7.2216,994.6666,21.6567
Rome,101.2321,Weekday,Private room,FALSE,TRUE,2,FALSE,1,0,8,70,1,3.8707,0.2356,430.3305,9.5362,1066.213,23.2145
Rome,126.7155,Weekday,Private room,FALSE,TRUE,2,FALSE,0,1,8,70,1,1.8766,0.1793,245.5219,5.4408,716.1848,15.5934
Rome,282.1874,Weekday,Entire home/apt,FALSE,FALSE,2,FALSE,0,1,6,70,1,3.4432,0.5932,611.2383,13.5452,1485.6446,32.3467
Rome,124.3775,Weekday,Private room,FALSE,TRUE,2,FALSE,0,1,10,70,1,7.402,0.1349,102.5205,2.2719,331.7258,7.2226
Rome,69.2025,Weekday,Private room,FALSE,TRUE,2,FALSE,0,1,7,70,0,2.3913,0.1989,211.2193,4.6807,591.8481,12.8862
Rome,69.2025,Weekday,Private room,FALSE,TRUE,2,FALSE,0,1,9,70,1,5.5874,0.231,188.0722,4.1677,525.9049,11.4504
Rome,265.1205,Weekday,Private room,FALSE,TRUE,2,FALSE,0,1,9,70,1,1.524,0.1996,769.8817,17.0607,1541.8095,33.5695
Rome,119.9355,Weekday,Private room,FALSE,TRUE,2,FALSE,0,1,9,70,1,0.2678,0.2518,471.4517,10.4475,1255.7629,27.3415
Rome,345.7789,Weekend,Private room,FALSE,TRUE,2,FALSE,1,0,9,70,1,7.8126,0.6017,147.1202,3.2595,361.5187,7.8766
Rome,103.8038,Weekend,Private room,FALSE,TRUE,2,FALSE,1,0,9,70,3,4.1677,2.1804,331.5591,7.3458,868.6923,18.9267
Rome,163.6546,Weekend,Private room,FALSE,TRUE,2,FALSE,0,1,8,70,1,0.5274,0.2435,650.1716,14.4048,1614.6908,35.1802
Rome,161.5505,Weekend,Private room,FALSE,TRUE,2,FALSE,1,0,8,70,1,3.5324,0.2895,325.8775,7.22,994.669,21.6714
Rome,126.9492,Weekend,Private room,FALSE,TRUE,2,FALSE,0,1,8,70,1,1.8766,0.1793,245.5219,5.4396,716.1824,15.6039
Rome,208.0752,Weekend,Private room,FALSE,TRUE,2,FALSE,0,1,9,70,1,1.5955,0.1884,953.7332,21.1304,1745.8523,38.0379
Rome,113.1555,Weekend,Private room,FALSE,TRUE,2,FALSE,0,1,10,70,1,1.0611,0.5818,390.1465,8.6439,1118.3144,24.3654
Rome,69.4363,Weekend,Private room,FALSE,TRUE,2,FALSE,0,1,7,70,0,2.3913,0.1989,211.2186,4.6796,591.8454,12.8949
Rome,69.4363,Weekend,Private room,FALSE,TRUE,2,FALSE,0,1,9,70,1,5.5874,0.2309,188.0735,4.1669,525.9054,11.4582
Rome,265.8219,Weekend,Private room,FALSE,TRUE,2,FALSE,0,1,9,70,1,1.524,0.1996,769.9039,17.0576,1541.8326,33.5928
Rome,120.1693,Weekend,Private room,FALSE,TRUE,2,FALSE,0,1,9,70,1,0.2678,0.2518,471.4553,10.4453,1255.7745,27.3603
Vienna,265.526,Weekday,Entire home/apt,FALSE,FALSE,2,FALSE,0,1,10,70,0,2.1702,0.3717,126.7014,9.0738,165.4302,3.9547
Vienna,171.7972,Weekday,Entire home/apt,FALSE,FALSE,2,FALSE,0,1,8,70,1,3.4499,0.5126,104.0173,7.4493,137.7139,3.2922
Vienna,265.526,Weekend,Entire home/apt,FALSE,FALSE,2,FALSE,0,1,10,70,0,2.1702,0.3717,126.7022,9.0736,165.4314,3.9984
Vienna,177.4069,Weekend,Entire home/apt,FALSE,FALSE,2,FALSE,0,1,8,70,1,3.4499,0.5125,104.0173,7.449,137.7138,3.3285
Barcelona,104.0333,Weekday,Private room,FALSE,TRUE,2,FALSE,1,0,6,71,1,2.3112,0.1912,276.3501,9.4185,616.353,13.5678
Barcelona,224.591,Weekend,Private room,FALSE,TRUE,2,FALSE,0,0,6,71,1,0.4839,0.3299,803.6749,31.0308,1588.8652,34.902
Barcelona,104.0333,Weekend,Private room,FALSE,TRUE,2,FALSE,1,0,6,71,1,2.3112,0.1912,276.3512,10.6702,616.3567,13.5393
Berlin,134.6172,Weekday,Private room,FALSE,TRUE,2,FALSE,0,1,8,71,1,3.9264,0.3678,171.8327,26.1993,177.6105,36.6221
Berlin,125.2688,Weekday,Private room,FALSE,TRUE,2,FALSE,0,1,9,71,1,3.7886,0.2637,200.8583,30.6248,184.8743,38.1198
Berlin,134.6172,Weekend,Private room,FALSE,TRUE,2,FALSE,0,1,8,71,1,3.9264,0.3678,171.8327,26.1908,177.6109,37.5771
Berlin,125.2688,Weekend,Private room,FALSE,TRUE,2,FALSE,0,1,9,71,1,3.7886,0.2637,200.8555,30.6145,184.8745,39.1138
Lisbon,199.8124,Weekday,Entire home/apt,FALSE,FALSE,2,FALSE,0,1,8,71,1,1.0204,0.4083,894.8715,29.5435,898.9091,40.2026
Lisbon,108.349,Weekday,Private room,FALSE,TRUE,2,FALSE,0,1,9,71,1,2.1357,0.4406,118.1114,3.8994,306.7527,13.7191
Lisbon,95.2158,Weekday,Private room,FALSE,TRUE,2,FALSE,0,1,6,71,1,2.3849,0.9987,111.7302,3.6887,259.0456,11.5855
Lisbon,198.8743,Weekend,Entire home/apt,FALSE,FALSE,2,FALSE,0,1,8,71,1,1.0205,0.4082,894.8917,29.5165,898.3722,50.4909
Lisbon,107.8799,Weekend,Private room,FALSE,TRUE,2,FALSE,0,1,9,71,1,2.1357,0.4406,118.1122,3.8957,306.7551,17.2404
Lisbon,94.9812,Weekend,Private room,FALSE,TRUE,2,FALSE,0,1,6,71,1,2.3849,0.9987,111.7298,3.6852,259.0442,14.559
Lisbon,155.9568,Weekend,Entire home/apt,FALSE,FALSE,2,FALSE,0,1,9,71,0,0.8098,0.6217,240.0729,7.9184,752.1908,42.2751
Paris,339.5004,Weekday,Entire home/apt,FALSE,FALSE,2,FALSE,0,1,8,71,0,0.8832,0.1848,459.5619,22.3713,1114.3389,65.478
Paris,129.3224,Weekday,Entire home/apt,FALSE,FALSE,2,FALSE,0,0,8,71,1,4.706,0.2898,342.7965,16.6872,709.4896,41.6893
Paris,188.0418,Weekday,Entire home/apt,FALSE,FALSE,2,FALSE,0,0,10,71,0,2.4606,0.0512,447.0903,21.7642,1101.132,64.702
Paris,151.4587,Weekday,Entire home/apt,FALSE,FALSE,2,FALSE,0,0,6,71,1,2.7221,0.3091,234.7618,11.4281,596.4886,35.0494
Paris,339.5004,Weekend,Entire home/apt,FALSE,FALSE,2,FALSE,0,1,8,71,0,0.8833,0.1848,459.5579,22.346,1114.3313,51.4067
Paris,188.0418,Weekend,Entire home/apt,FALSE,FALSE,2,FALSE,0,0,10,71,0,2.4606,0.0512,447.0891,21.7397,1101.1326,50.7978
Paris,151.6917,Weekend,Entire home/apt,FALSE,FALSE,2,FALSE,0,0,6,71,1,2.7221,0.3091,234.762,11.4153,596.4885,27.5174
Rome,193.5801,Weekday,Private room,FALSE,TRUE,2,FALSE,0,0,8,71,1,0.3365,0.3865,422.7278,9.3677,1132.0899,24.6488
Rome,193.5801,Weekend,Private room,FALSE,TRUE,2,FALSE,0,0,8,71,1,0.3365,0.3865,422.7329,9.3658,1132.0921,24.6655
Athens,138.9637,Weekday,Entire home/apt,FALSE,FALSE,2,FALSE,0,1,7,72,0,0.8084,0.4567,273.4326,10.3095,190.7489,14.3226
Athens,138.9637,Weekend,Entire home/apt,FALSE,FALSE,2,FALSE,0,1,7,72,0,0.8084,0.4567,273.3521,10.2993,190.7472,2.8486
Barcelona,138.9438,Weekday,Private room,FALSE,TRUE,2,FALSE,1,0,7,72,1,0.2844,0.2118,706.8218,24.0896,1442.6962,31.7582
Barcelona,214.1178,Weekday,Private room,FALSE,TRUE,2,FALSE,1,0,8,72,1,2.8402,0.2088,288.1868,9.8219,540.1579,11.8905
Barcelona,138.9438,Weekend,Private room,FALSE,TRUE,2,FALSE,1,0,7,72,1,0.2844,0.2118,706.7948,27.2902,1442.6505,31.6902
Barcelona,161.9848,Weekend,Private room,FALSE,TRUE,2,FALSE,0,1,8,72,1,1.4272,0.4837,350.3431,13.5272,869.4663,19.0993
Barcelona,214.1178,Weekend,Private room,FALSE,TRUE,2,FALSE,1,0,8,72,1,2.8401,0.2089,288.1895,11.1273,540.1666,11.8656
Lisbon,164.8687,Weekday,Private room,FALSE,TRUE,2,FALSE,0,1,8,72,1,0.7434,0.6402,263.6885,8.7055,825.1937,36.9057
Lisbon,158.5366,Weekend,Private room,FALSE,TRUE,2,FALSE,0,1,8,72,1,0.7434,0.6403,263.6784,8.697,825.1784,46.3772
Paris,254.6836,Weekday,Entire home/apt,FALSE,FALSE,2,FALSE,1,0,7,72,0,5.5224,0.5612,202.9327,9.8787,406.6605,23.8952
Paris,254.6836,Weekend,Entire home/apt,FALSE,FALSE,2,FALSE,1,0,7,72,0,5.5224,0.5612,202.9329,9.8676,406.661,18.7602
Rome,175.8118,Weekday,Private room,FALSE,TRUE,2,FALSE,0,1,7,72,1,2.8986,0.6347,593.0687,13.1425,1456.9902,31.7228
Rome,230.9868,Weekend,Private room,FALSE,TRUE,2,FALSE,0,1,7,72,1,2.8986,0.6347,593.0753,13.1398,1456.986,31.7442
Athens,69.599,Weekday,Entire home/apt,FALSE,FALSE,2,FALSE,1,0,8,73,1,2.4617,0.6183,69.0739,2.6044,103.7258,7.7884
Athens,106.3905,Weekday,Entire home/apt,FALSE,FALSE,2,TRUE,0,1,9,73,1,1.7829,0.5302,164.3298,6.1959,191.783,14.4002
Athens,103.1097,Weekday,Entire home/apt,FALSE,FALSE,2,FALSE,1,0,8,73,1,3.1431,0.4315,55.8081,2.1042,82.1304,6.1669
Athens,69.599,Weekend,Entire home/apt,FALSE,FALSE,2,FALSE,1,0,8,73,1,2.4617,0.6183,69.0742,2.6026,103.7257,1.549
Athens,103.1097,Weekend,Entire home/apt,FALSE,FALSE,2,FALSE,1,0,8,73,1,3.1431,0.4315,55.8083,2.1027,82.1307,1.2265
Barcelona,156.1664,Weekday,Private room,FALSE,TRUE,2,FALSE,1,0,10,73,1,1.4065,0.6672,522.1871,17.797,983.0292,21.6395
Barcelona,190.8441,Weekday,Private room,FALSE,TRUE,2,FALSE,0,1,9,73,1,1.3032,0.3887,442.2217,15.0716,863.4871,19.008
Barcelona,196.8953,Weekday,Private room,FALSE,TRUE,2,FALSE,0,1,9,73,1,1.7687,0.1794,340.2081,11.5948,895.0976,19.7039
Barcelona,133.1254,Weekday,Private room,FALSE,TRUE,2,FALSE,1,0,7,73,2,4.0058,0.3539,224.0154,7.6348,359.1202,7.9053
Barcelona,134.2891,Weekday,Private room,FALSE,TRUE,2,FALSE,1,0,7,73,1,2.5821,0.3342,313.4955,10.6844,566.9766,12.4809
Barcelona,156.1664,Weekend,Private room,FALSE,TRUE,2,FALSE,1,0,10,73,1,1.4065,0.6672,522.1824,20.1621,982.9947,21.5931
Barcelona,387.5067,Weekend,Private room,FALSE,TRUE,2,FALSE,0,1,10,73,1,1.0838,0.3459,700.9887,27.066,1873.4203,41.1527
Barcelona,196.8953,Weekend,Private room,FALSE,TRUE,2,FALSE,0,1,9,73,1,1.7687,0.1794,340.2079,13.1358,895.3349,19.6675
Barcelona,142.4349,Weekend,Private room,FALSE,TRUE,2,FALSE,1,0,7,73,2,4.0058,0.3539,224.0146,8.6495,359.1191,7.8886
Budapest,50.524,Weekday,Private room,FALSE,TRUE,2,FALSE,0,1,5,73,1,6.2679,0.5906,51.3506,3.0623,79.5238,6.0218
Budapest,50.289,Weekend,Private room,FALSE,TRUE,2,FALSE,0,1,5,73,1,6.2679,0.5906,51.3505,3.0648,79.5237,6.9518
Lisbon,91.6979,Weekday,Private room,FALSE,TRUE,2,FALSE,0,1,8,73,1,1.4605,0.5394,152.7217,5.042,487.1377,21.7866
Lisbon,124.2964,Weekday,Private room,FALSE,TRUE,2,FALSE,0,1,8,73,1,1.4072,0.3029,165.7647,5.4726,533.0154,23.8384
Lisbon,157.833,Weekday,Private room,FALSE,TRUE,2,FALSE,0,1,7,73,1,2.0872,0.1537,123.7105,4.0842,387.7736,17.3427
Lisbon,157.1295,Weekend,Private room,FALSE,TRUE,2,FALSE,0,1,7,73,1,2.0872,0.1537,123.7106,4.0804,387.7742,21.7939
Lisbon,91.4634,Weekend,Private room,FALSE,TRUE,2,FALSE,0,1,8,73,1,1.4605,0.5394,152.7203,5.0372,487.1337,27.3782
Lisbon,123.8274,Weekend,Private room,FALSE,TRUE,2,FALSE,0,1,8,73,1,1.4072,0.3029,165.7641,5.4674,533.0141,29.9568
Lisbon,117.0263,Weekend,Private room,FALSE,TRUE,2,FALSE,0,1,9,73,1,1.1348,0.1279,194.8573,6.427,520.9805,29.2805
Paris,1170.1929,Weekday,Private room,FALSE,TRUE,2,FALSE,0,0,6,73,1,1.7141,0.07,671.3316,32.6802,1373.562,80.7099
Paris,339.5004,Weekday,Entire home/apt,FALSE,FALSE,2,FALSE,0,1,8,73,0,0.8833,0.1848,459.5578,22.3711,1114.3317,65.4776
Paris,312.9369,Weekday,Entire home/apt,FALSE,FALSE,2,FALSE,0,0,8,73,1,2.3832,0.1752,430.0244,20.9334,997.4709,58.6109
Paris,207.8479,Weekday,Entire home/apt,FALSE,FALSE,2,FALSE,0,0,7,73,0,5.24,0.183,277.7186,13.5192,610.1063,35.8496
Paris,195.4982,Weekday,Private room,FALSE,TRUE,2,FALSE,1,0,7,73,1,4.073,0.296,220.3174,10.725,479.4029,28.1695
Paris,195.4982,Weekday,Entire home/apt,FALSE,FALSE,2,FALSE,1,0,9,73,0,3.111,0.103,352.6063,17.1648,777.9116,45.7097
Paris,1170.1929,Weekend,Private room,FALSE,TRUE,2,FALSE,0,0,6,73,1,1.7141,0.07,671.3428,32.6441,1373.5606,63.3656
Paris,339.5004,Weekend,Entire home/apt,FALSE,FALSE,2,FALSE,0,1,8,73,0,0.8833,0.1848,459.5596,22.3461,1114.3343,51.4068
Paris,312.9369,Weekend,Entire home/apt,FALSE,FALSE,2,FALSE,0,0,8,73,1,2.3832,0.1752,430.0253,20.91,997.4659,46.0154
Paris,207.8479,Weekend,Entire home/apt,FALSE,FALSE,2,FALSE,0,0,7,73,0,5.24,0.183,277.7172,13.504,610.103,28.1455
Paris,195.4982,Weekend,Private room,FALSE,TRUE,2,FALSE,1,0,7,73,1,4.073,0.296,220.3172,10.7129,479.4022,22.1159
Paris,195.7312,Weekend,Entire home/apt,FALSE,FALSE,2,FALSE,1,0,9,73,0,3.111,0.103,352.6095,17.1457,777.9162,35.8871
Rome,126.7155,Weekday,Private room,FALSE,TRUE,2,FALSE,0,1,8,73,1,2.4174,0.1037,209.9406,4.6523,594.4045,12.9419
Rome,146.354,Weekday,Entire home/apt,FALSE,FALSE,2,FALSE,0,1,9,73,0,4.5911,0.3719,428.5974,9.4978,809.4826,17.6247
Rome,273.0695,Weekday,Entire home/apt,FALSE,FALSE,2,FALSE,0,0,7,73,0,2.508,1.1378,1033.25,22.897,2245.1376,48.883
Rome,170.6684,Weekday,Private room,FALSE,TRUE,2,FALSE,0,1,9,73,1,3.0912,1.0874,673.8184,14.9319,1496.1873,32.5762
Rome,149.8609,Weekday,Private room,FALSE,TRUE,2,FALSE,1,0,9,73,1,6.6235,0.199,113.5063,2.5153,371.7422,8.0939
Rome,236.1303,Weekday,Entire home/apt,FALSE,FALSE,2,FALSE,0,0,8,73,2,3.3003,1.4246,280.7176,6.2208,688.508,14.9908
Rome,149.8609,Weekday,Private room,FALSE,TRUE,2,FALSE,0,1,9,73,1,0.3776,0.2981,436.3811,9.6703,1201.9352,26.1695
Rome,101.2321,Weekday,Private room,FALSE,TRUE,2,FALSE,0,0,9,73,1,4.3049,1.2349,271.8372,6.024,753.7176,16.4106
Rome,146.354,Weekend,Entire home/apt,FALSE,FALSE,2,FALSE,0,1,9,73,0,4.5911,0.3719,428.5994,9.4958,809.4848,17.6367
Rome,306.268,Weekend,Entire home/apt,FALSE,FALSE,2,FALSE,0,1,5,73,1,1.0561,0.2146,845.2244,18.7263,1768.6484,38.5346
Rome,104.0376,Weekend,Private room,FALSE,TRUE,2,FALSE,0,1,9,73,1,2.3854,0.066,283.3655,6.2781,756.0924,16.4734
Rome,273.7708,Weekend,Entire home/apt,FALSE,FALSE,2,FALSE,0,0,7,73,0,2.508,1.1378,1033.29,22.893,2245.2006,48.9175
Rome,171.136,Weekend,Private room,FALSE,TRUE,2,FALSE,0,1,9,73,1,3.0912,1.0874,673.8201,14.9288,1496.1757,32.598
Rome,150.0947,Weekend,Private room,FALSE,TRUE,2,FALSE,1,0,9,73,1,6.6235,0.199,113.5063,2.5148,371.7415,8.0993
Rome,271.6667,Weekend,Entire home/apt,FALSE,FALSE,2,FALSE,0,0,8,73,2,3.3003,1.4246,280.7172,6.2194,688.508,15.0009
Rome,150.3285,Weekend,Private room,FALSE,TRUE,2,FALSE,0,1,9,73,1,0.3776,0.2981,436.3806,9.6682,1201.9357,26.1873
Rome,101.6997,Weekend,Private room,FALSE,TRUE,2,FALSE,0,0,9,73,1,4.3049,1.2349,271.8366,6.0227,753.717,16.4217
Vienna,83.4444,Weekday,Private room,FALSE,TRUE,2,FALSE,0,1,7,73,0,2.5822,0.3562,84.5589,6.0558,128.724,3.0772
Vienna,83.4444,Weekend,Private room,FALSE,TRUE,2,FALSE,0,1,7,73,0,2.5822,0.3562,84.5585,6.0555,128.7233,3.1112
Amsterdam,371.1949,Weekday,Entire home/apt,FALSE,FALSE,2,FALSE,1,0,7,74,1,1.3404,0.8436,361.5893,19.1464,338.1162,23.5604
Barcelona,340.2611,Weekday,Entire home/apt,FALSE,FALSE,2,FALSE,0,1,9,74,0,0.9994,0.1805,853.9705,29.1047,1765.6881,38.8682
Barcelona,150.5807,Weekday,Private room,FALSE,TRUE,2,FALSE,0,1,8,74,1,0.4333,0.1377,529.0982,18.0325,1318.7527,29.0298
Barcelona,138.9438,Weekday,Private room,FALSE,TRUE,2,FALSE,1,0,8,74,1,2.9349,0.3592,253.9771,8.656,494.5004,10.8855
Barcelona,150.5807,Weekend,Private room,FALSE,TRUE,2,FALSE,0,1,8,74,1,0.4333,0.1377,529.0943,20.4289,1318.743,28.9684
Barcelona,138.9438,Weekend,Private room,FALSE,TRUE,2,FALSE,1,0,8,74,1,2.9349,0.3592,253.978,9.8064,494.5043,10.8626
Lisbon,164.8687,Weekday,Private room,FALSE,TRUE,2,FALSE,0,1,8,74,1,0.7435,0.6403,263.6781,8.7051,825.1798,36.9051
Lisbon,176.3602,Weekday,Entire home/apt,FALSE,FALSE,2,TRUE,0,1,8,74,1,1.0735,0.1893,189.7095,6.2631,541.0342,24.1971
Lisbon,258.2083,Weekday,Private room,FALSE,TRUE,2,FALSE,0,1,7,74,1,2.3261,0.2331,119.7428,3.9532,365.8917,16.364
Lisbon,239.4465,Weekend,Entire home/apt,FALSE,FALSE,2,FALSE,0,1,8,74,0,0.7097,0.4002,244.8917,8.0773,893.3138,50.2066
Lisbon,215.0563,Weekend,Entire home/apt,FALSE,FALSE,2,TRUE,0,1,8,74,1,1.0735,0.1893,189.7102,6.2573,541.0363,30.4077
Lisbon,158.5366,Weekend,Private room,FALSE,TRUE,2,FALSE,0,1,8,74,1,0.7435,0.6403,263.6778,8.697,825.1776,46.3772
Lisbon,163.9306,Weekend,Entire home/apt,FALSE,FALSE,2,FALSE,0,1,9,74,1,0.7431,0.1464,268.9293,8.8702,650.1533,36.5403
Lisbon,257.9737,Weekend,Private room,FALSE,TRUE,2,FALSE,0,1,7,74,1,2.3261,0.2331,119.7425,3.9495,365.8936,20.5642
Paris,344.1607,Weekday,Entire home/apt,FALSE,FALSE,2,FALSE,0,0,10,74,0,1.5216,0.141,438.2083,21.3318,1128.2416,66.295
Paris,359.0735,Weekday,Entire home/apt,FALSE,FALSE,2,FALSE,0,0,7,74,1,3.7188,0.2372,358.056,17.43,805.3322,47.3209
Paris,348.5879,Weekend,Entire home/apt,FALSE,FALSE,2,FALSE,0,0,10,74,0,1.5216,0.141,438.2091,21.308,1128.2436,52.0485
Paris,405.4432,Weekend,Entire home/apt,FALSE,FALSE,2,FALSE,0,0,7,74,1,3.7188,0.2372,358.0565,17.4105,805.3324,37.1519
Rome,184.4622,Weekday,Private room,FALSE,TRUE,2,FALSE,1,0,9,74,1,2.1989,0.2338,222.8904,4.9393,666.6221,14.5142
Rome,155.9395,Weekend,Entire home/apt,FALSE,FALSE,2,FALSE,0,0,7,74,0,2.4227,1.0535,1070.6716,23.7212,2272.6661,49.5159
Rome,184.9297,Weekend,Private room,FALSE,TRUE,2,FALSE,1,0,9,74,1,2.1989,0.2339,222.8905,4.9382,666.623,14.5241